Date,Meeting,Agenda Link,Minutes Link
1993-02-04,Regular Board Meeting,http://boardarchives.metro.net/Agendas/1993/agenda_g_0002.pdf,http://boardarchives.metro.net/Minutes/1994/minutes_0334.pdf
1993-03-03,Regular Board Meeting,http://boardarchives.metro.net/Agendas/1993/agenda_g_0006.pdf,http://boardarchives.metro.net/Minutes/1994/minutes_0333.pdf
1993-03-24,Regular Board Meeting,http://boardarchives.metro.net/Agendas/1993/agenda_0332.pdf,
1993-04-14,Regular Board Meeting,http://boardarchives.metro.net/Agendas/1993/agenda_0330.pdf,http://boardarchives.metro.net/Minutes/1994/minutes_0331.pdf
1993-04-28,Regular Board Meeting,http://boardarchives.metro.net/Agendas/1993/agenda_0290.pdf,http://boardarchives.metro.net/Minutes/1993/00353.pdf
1993-05-14,Special Board Meeting,http://boardarchives.metro.net/Minutes/1993/00354.pdf,http://boardarchives.metro.net/Minutes/1993/00354.pdf
1993-05-19,Regular Board Meeting,http://boardarchives.metro.net/Agendas/1993/agenda_0287.pdf,http://boardarchives.metro.net/Minutes/1993/00355.pdf
1993-06-02,Special Board Meeting,http://boardarchives.metro.net/Agendas/1993/agenda_0282.pdf,http://boardarchives.metro.net/Minutes/1994/minutes_0284.pdf
1993-06-09,Special Board Meeting,http://boardarchives.metro.net/Agendas/1993/agenda_0286.pdf,http://boardarchives.metro.net/Minutes/1994/minutes_0283.pdf
1993-06-16,Special Board Meeting,http://boardarchives.metro.net/Agendas/1993/agenda_0270.pdf,http://boardarchives.metro.net/Minutes/1994/minutes_0271.pdf
1993-06-23,Regular Board Meeting,http://boardarchives.metro.net/Agendas/1993/agenda_0279.pdf,http://boardarchives.metro.net/Minutes/1994/minutes_0280.pdf
1993-06-30,Special Board Meeting,http://boardarchives.metro.net/Agendas/1993/agenda_0231.pdf,http://boardarchives.metro.net/Minutes/1994/minutes_0230.pdf
1993-07-28,Regular Board Meeting,http://boardarchives.metro.net/Agendas/1993/agenda_g_0052.pdf,http://boardarchives.metro.net/Minutes/1993/minutes_g_0051.pdf
1993-08-25,Regular Board Meeting,http://boardarchives.metro.net/Agendas/1993/agenda_g_0044.pdf,http://boardarchives.metro.net/Minutes/1993/00363.pdf
1993-09-15,Regular Board Meeting,http://boardarchives.metro.net/Agendas/1993/agenda_g_0042.pdf,http://boardarchives.metro.net/Minutes/1993/minutes_g_0039.pdf
1993-10-07,Special Board Meeting,http://boardarchives.metro.net/Agendas/1993/agenda_g_0043.pdf,http://boardarchives.metro.net/Minutes/1993/minutes_g_0040.pdf
1993-10-27,Regular Board Meeting,http://boardarchives.metro.net/Agendas/1993/agenda_g_0021.pdf,http://boardarchives.metro.net/Minutes/1993/minutes_g_0015.pdf
1993-11-17,Regular Board Meeting,http://boardarchives.metro.net/Agendas/1993/agenda_g_0008.pdf,http://boardarchives.metro.net/Minutes/1993/00365.pdf
1993-11-17,Special Board Meeting,http://boardarchives.metro.net/Agendas/1993/agenda_g_0007.pdf,http://boardarchives.metro.net/Minutes/1994/minutes_0360.pdf
1993-12-15,Regular Board Meeting,http://boardarchives.metro.net/Agendas/1993/agenda_g_0013.pdf,http://boardarchives.metro.net/Minutes/1993/00367.pdf
1994-01-05,Special Board Meeting,http://boardarchives.metro.net/Agendas/1994/agenda_g_0009.pdf,http://boardarchives.metro.net/Minutes/1994/minutes_g_0010.pdf
1994-01-26,Regular Board Meeting,http://boardarchives.metro.net/Agendas/1994/agenda_g_0017.pdf,
1994-02-02,Regular Board Meeting,http://boardarchives.metro.net/Agendas/1994/agenda_g_0020.pdf,
1994-02-23,Regular Board Meeting,http://boardarchives.metro.net/Agendas/1994/agendas_0003.pdf,http://boardarchives.metro.net/Minutes/1994/19940223minutes.pdf
1994-03-23,Regular Board Meeting,http://boardarchives.metro.net/Agendas/1994/agenda_March1994.pdf,http://boardarchives.metro.net/Minutes/1994/03231994min.pdf
1994-04-27,Regular Board Meeting,http://boardarchives.metro.net/Agendas/1994/agenda_0380.pdf,http://boardarchives.metro.net/Minutes/1994/41994minutes2a.pdf
1994-05-06,Special Board Meeting,http://boardarchives.metro.net/Agendas/1994/agenda_0379.pdf,http://boardarchives.metro.net/Minutes/1994/51994minute1a.pdf
1994-05-25,Regular Board Meeting,http://boardarchives.metro.net/Agendas/1994/agenda_0378.pdf,"http://boardarchives.metro.net/Minutes/1994/May%2025,%201994%20minutes.pdf"
1994-06-22,Special Board Meeting,http://boardarchives.metro.net/Agendas/1994/agendas_0027.pdf,http://boardarchives.metro.net/Minutes/1994/minutes_0362.pdf
1994-06-29,Special Board Meeting,http://boardarchives.metro.net/Agendas/1994/agenda_0361.pdf,http://boardarchives.metro.net/Minutes/1994/minutes_0363.pdf
1994-07-05,Special Board Meeting,http://boardarchives.metro.net/Agendas/1994/agendas_0008.pdf,http://boardarchives.metro.net/Minutes/1994/minutes_0364.pdf
1994-07-06,Special Board Meeting,http://boardarchives.metro.net/Agendas/1994/agendas_0007.pdf,http://boardarchives.metro.net/Minutes/1994/minutes_0365.pdf
1994-07-13,Special Board Meeting,http://boardarchives.metro.net/Agendas/1994/agendas_0009.pdf,http://boardarchives.metro.net/Minutes/1994/minutes_0366.pdf
1994-07-13,Special Board Meeting,,http://boardarchives.metro.net/Minutes/1994/minutes_0373.pdf
1994-07-16,Special Board Meeting,http://boardarchives.metro.net/Agendas/1994/agendas_0006.pdf,http://boardarchives.metro.net/Minutes/1994/minutes_0367.pdf
1994-07-20,Regular Board Meeting,http://boardarchives.metro.net/Agendas/1994/agendas_0011.pdf,http://boardarchives.metro.net/Minutes/1994/minutes_0368.pdf
1994-07-23,Special Board Meeting,http://boardarchives.metro.net/Agendas/1994/agendas_0010.pdf,http://boardarchives.metro.net/Minutes/1994/minutes_0369.pdf
1994-07-27,Regular Board Meeting,http://boardarchives.metro.net/Agendas/1994/agendas_0012.pdf,http://boardarchives.metro.net/Minutes/1994/minutes_0370.pdf
1994-08-01,Special Board Meeting,http://boardarchives.metro.net/Agendas/1994/other_0004.pdf,http://boardarchives.metro.net/Minutes/1994/minutes_0371.pdf
1994-08-24,Regular Board Meeting,http://boardarchives.metro.net/Agendas/1994/agendas_0016.pdf,http://boardarchives.metro.net/Minutes/1994/minutes_0372.pdf
1994-09-21,Regular Board Meeting,http://boardarchives.metro.net/Agendas/1994/agendas_0017.pdf,http://boardarchives.metro.net/Minutes/1994/minutes_0374.pdf
1994-09-21,Regular Board Meeting,http://boardarchives.metro.net/Agendas/1994/agenda_0005.pdf,http://boardarchives.metro.net/Minutes/1994/minutes_0375.pdf
1994-10-11,Special Board Meeting,http://boardarchives.metro.net/Agendas/1994/agendas_0019.pdf,
1994-10-26,Regular Board Meeting,http://boardarchives.metro.net/Agendas/1994/agendas_0021.pdf,http://boardarchives.metro.net/Minutes/1994/minutes_0376.pdf
1994-11-16,Regular Board Meeting,http://boardarchives.metro.net/Agendas/1994/agendas_0024.pdf,
1994-12-21,Regular Board Meeting,http://boardarchives.metro.net/Agendas/1994/agendas_0026.pdf,
1995-01-25,Regular Board Meeting,http://boardarchives.metro.net/Agendas/1995/agenda_0189.pdf,http://boardarchives.metro.net/Minutes/1996/minutes_0184.pdf
1995-02-22,Regular Board Meeting,http://boardarchives.metro.net/Agendas/1995/agenda_0186.pdf,http://boardarchives.metro.net/Minutes/1995/Item%201.pdf
1995-03-22,Regular Board Meeting,http://boardarchives.metro.net/Agendas/1995/agenda_0183.pdf,http://boardarchives.metro.net/Minutes/1996/minutes_0181.pdf
1995-04-26,Regular Board Meeting,http://boardarchives.metro.net/Agendas/1995/agenda_0094.pdf,http://boardarchives.metro.net/Minutes/1995/minutes_0088.pdf
1995-05-24,Regular Board Meeting,http://boardarchives.metro.net/Agendas/1995/agenda_0093.pdf,http://boardarchives.metro.net/Minutes/1995/minutes_0092.pdf
1995-05-24,Special Board Meeting,http://boardarchives.metro.net/Agendas/1995/agenda_0085.pdf,http://boardarchives.metro.net/Minutes/1995/minutes_0095.pdf
1995-06-15,Special Board Meeting,http://boardarchives.metro.net/Agendas/1995/agenda_0096.pdf,http://boardarchives.metro.net/Minutes/2005/06-June/1A.pdf
1995-06-28,Regular Board Meeting,http://boardarchives.metro.net/Agendas/1995/agenda_0091.pdf,http://boardarchives.metro.net/Minutes/2005/06-June/1B.pdf
1995-07-19,Special Board Meeting,,http://boardarchives.metro.net/Minutes/1996/minutes_0154.pdf
1995-07-26,Regular Board Meeting,http://boardarchives.metro.net/Agendas/1995/agenda_0147.pdf,http://boardarchives.metro.net/Minutes/1995/july1995.pdf
1995-08-01,Special Board Meeting,http://boardarchives.metro.net/Agendas/1995/agenda_0131.pdf,http://boardarchives.metro.net/Minutes/1995/minutes_0128.pdf
1995-08-10,Special Board Meeting,,http://boardarchives.metro.net/Minutes/1995/minutes_0126.pdf
1995-08-30,Special Board Meeting,http://boardarchives.metro.net/Agendas/1995/agenda_0132.pdf,
1995-09-07,Special Board Meeting,http://boardarchives.metro.net/Agendas/1995/agenda_0229.pdf,
1995-09-27,Regular Board Meeting,http://boardarchives.metro.net/Agendas/1995/agenda_0114.pdf,http://boardarchives.metro.net/Minutes/1995/minutes_0151.pdf
1995-10-25,Regular Board Meeting,http://boardarchives.metro.net/Agendas/1995/agenda_0155.pdf,http://boardarchives.metro.net/Minutes/1995/Oct1995min.pdf
1995-11-15,Regular Board Meeting,http://boardarchives.metro.net/Agendas/1995/agenda_0055.pdf,http://boardarchives.metro.net/Minutes/1996/minutes_0168.pdf
1995-12-20,Regular Board Meeting,http://boardarchives.metro.net/Agendas/1995/agenda_0202.pdf,http://boardarchives.metro.net/Minutes/1996/minutes_0185.pdf
1995-12-20,Special Board Meeting,http://boardarchives.metro.net/Agendas/1995/agenda_0201.pdf,http://boardarchives.metro.net/Minutes/1996/minutes_0204.pdf
1996-01-24,Regular Board Meeting,,http://boardarchives.metro.net/Minutes/1996/minutes_A_0513.pdf
1996-02-15,Special Board Meeting,"http://boardarchives.metro.net/Agendas/1996/2,1996agenda.pdf
http://boardarchives.metro.net/Agendas/1996/agenda_A_0991.pdf",http://boardarchives.metro.net/Minutes/1996/minutes_A_0992.pdf
1996-02-28,Regular Board Meeting,"http://boardarchives.metro.net/Agendas/1996/agenda_A_0546.pdf
http://boardarchives.metro.net/Agendas/1996/agenda_A_0434.pdf
http://boardarchives.metro.net/Agendas/1996/agenda_A_0989.pdf",http://boardarchives.metro.net/Minutes/1996/minutes_A_0454.pdf
1996-03-06,Regular Board Meeting,http://boardarchives.metro.net/Agendas/1996/agenda_A_0560.pdf,http://boardarchives.metro.net/Minutes/1996/minutes_A_1423.pdf
1996-03-21,Special Board Meeting,http://boardarchives.metro.net/Agendas/1996/agenda_A_0579.pdf,http://boardarchives.metro.net/Minutes/1996/minutes_A_1424.pdf
1996-03-27,Regular Board Meeting,http://boardarchives.metro.net/Agendas/1996/agenda_A_1011.pdf,http://boardarchives.metro.net/Minutes/1996/minutes_A_0582.pdf
1996-03-27,Regular Board Meeting,http://boardarchives.metro.net/Agendas/1996/agenda_A_0456.pdf,http://boardarchives.metro.net/Minutes/1996/minutes_A_0994.pdf
1996-04-24,Regular Board Meeting,http://boardarchives.metro.net/Agendas/1996/agenda_A_0545.pdf,http://boardarchives.metro.net/Minutes/1996/minutes_A_1483.pdf
1996-05-16,Special Board Meeting,http://boardarchives.metro.net/Agendas/1996/agenda_A_0785.pdf,
1996-05-22,Regular Board Meeting,"http://boardarchives.metro.net/Agendas/1996/agenda_A_0731.pdf
http://boardarchives.metro.net/Agendas/1996/agenda_A_1420.pdf",http://boardarchives.metro.net/Minutes/1996/minutes_A_1485.pdf
1996-05-30,Special Board Meeting,"http://boardarchives.metro.net/Agendas/1996/agenda_A_0783.pdf
http://boardarchives.metro.net/Agendas/1996/agenda_A_0784.pdf",http://boardarchives.metro.net/Minutes/1996/minutes_A_0797.pdf
1996-06-01,Special Board Meeting,http://boardarchives.metro.net/Agendas/1996/agenda_A_0781.pdf,
1996-06-24,Regular Board Meeting,,http://boardarchives.metro.net/Minutes/1996/minutes_A_1490.pdf
1996-06-26,Regular Board Meeting,"http://boardarchives.metro.net/Agendas/1996/6,1996agenda.pdf",
1996-07-24,Regular Board Meeting,http://boardarchives.metro.net/Agendas/1996/agenda_A_0799.pdf,http://boardarchives.metro.net/Minutes/1996/minutes_A_0846.pdf
1996-08-28,Regular Board Meeting,http://boardarchives.metro.net/Agendas/1996/agenda_A_0856.pdf,http://boardarchives.metro.net/Minutes/1996/minutes_A_1663.pdf
1996-09-11,Special Board Meeting,http://boardarchives.metro.net/Agendas/1996/agenda_A_0933.pdf,
1996-09-21,Special Board Meeting,http://boardarchives.metro.net/Agendas/1996/agenda_0098.pdf,
1996-09-25,Regular Board Meeting,http://boardarchives.metro.net/Agendas/1996/agenda_A_0910.pdf,http://boardarchives.metro.net/Minutes/1996/minutes_A_0935.pdf
1996-10-23,Regular Board Meeting,http://boardarchives.metro.net/Agendas/1996/agenda_A_0647.pdf,http://boardarchives.metro.net/Minutes/1996/minutes_A_0623.pdf
1996-11-08,Special Board Meeting,http://boardarchives.metro.net/Agendas/1996/agenda_A_0615.pdf,
1996-11-20,Regular Board Meeting,http://boardarchives.metro.net/Agendas/1996/agenda_A_0621.pdf,http://boardarchives.metro.net/Minutes/1996/minutes_A_1154.pdf
1996-12-05,Special Board Meeting,http://boardarchives.metro.net/Agendas/1996/agenda_A_0616.pdf,
1996-12-18,Regular Board Meeting,"http://boardarchives.metro.net/Agendas/1996/agenda_A_0622.pdf
http://boardarchives.metro.net/Agendas/1996/agenda_A_0625.pdf",http://boardarchives.metro.net/Minutes/1997/Minutes_D_0010.pdf
1997-01-10,Special Board Meeting,http://boardarchives.metro.net/Agendas/1997/Agenda_D_0037.pdf,http://boardarchives.metro.net/Minutes/1997/Minutes_D_0009.pdf
1997-01-22,Regular Board Meeting,http://boardarchives.metro.net/Agendas/1997/Agenda_D_0074.pdf,http://boardarchives.metro.net/Minutes/1997/Minutes_D_0013.pdf
1997-02-19,Special Board Meeting,http://boardarchives.metro.net/Agendas/1997/Agenda_D_0036.pdf,http://boardarchives.metro.net/Minutes/1997/Minutes_D_0015.pdf
1997-02-26,Regular Board Meeting,http://boardarchives.metro.net/Agendas/1997/Agenda_D_0041.pdf,http://boardarchives.metro.net/Minutes/1997/Minutes_D_0011.pdf
1997-03-26,Special Board Meeting,http://boardarchives.metro.net/Agendas/1997/Agenda_D_0027.pdf,http://boardarchives.metro.net/Minutes/1997/Minutes_D_0016.pdf
1997-03-26,Regular Board Meeting,http://boardarchives.metro.net/Agendas/1997/Agenda_D_0028.pdf,http://boardarchives.metro.net/Minutes/1997/Minutes_D_0017.pdf
1997-04-16,Special Board Meeting,http://boardarchives.metro.net/Agendas/1997/Agenda_D_0072.pdf,http://boardarchives.metro.net/Minutes/1997/Minutes_D_0008.pdf
1997-04-23,Regular Board Meeting,http://boardarchives.metro.net/Agendas/1997/Agenda_D_0070.pdf,http://boardarchives.metro.net/Minutes/1997/Minutes_D_0007.pdf
1997-05-23,Special Board Meeting,http://boardarchives.metro.net/Agendas/1997/Agenda_D_0025.pdf,http://boardarchives.metro.net/Minutes/1997/Minutes_D_0005.pdf
1997-05-28,Regular Board Meeting,http://boardarchives.metro.net/Agendas/1997/Agenda_D_0022.pdf,http://boardarchives.metro.net/Minutes/1997/Minutes_D_0002.pdf
1997-06-04,Special Board Meeting,http://boardarchives.metro.net/Agendas/1997/Agenda_D_0023.pdf,http://boardarchives.metro.net/Minutes/1997/Minutes_D_0001.pdf
1997-06-12,Special Board Meeting,http://boardarchives.metro.net/Agendas/1997/Agenda_D_0062.pdf,http://boardarchives.metro.net/Minutes/1997/Minutes_D_0003.pdf
1997-06-18,Special Board Meeting,http://boardarchives.metro.net/Agendas/1997/Agenda_D_0063.pdf,
1997-06-25,Regular Board Meeting,http://boardarchives.metro.net/Agendas/1997/Agenda_D_0015.pdf,http://boardarchives.metro.net/Minutes/1997/Minutes_D_0021.pdf
1997-06-30,Special Board Meeting,http://boardarchives.metro.net/Agendas/1997/Agenda_D_0077.pdf,http://boardarchives.metro.net/Minutes/1997/Minutes_D_0018.pdf
1997-07-07,Special Board Meeting,http://boardarchives.metro.net/Agendas/1997/Agenda_D_0076.pdf,http://boardarchives.metro.net/Minutes/1997/Minutes_D_0019.pdf
1997-07-14,Special Board Meeting,http://boardarchives.metro.net/Agendas/1997/Agenda_D_0020.pdf,http://boardarchives.metro.net/Minutes/1997/Minutes_D_0020.pdf
1997-07-31,Regular Board Meeting,http://boardarchives.metro.net/Agendas/1997/Agenda_D_0083.pdf,http://boardarchives.metro.net/Minutes/1997/Minutes_D_0022.pdf
1997-08-12,Special Board Meeting,http://boardarchives.metro.net/Agendas/1997/Agenda_D_0090.pdf,http://boardarchives.metro.net/Minutes/1997/Minutes_D_0023.pdf
1997-08-22,Special Board Meeting,http://boardarchives.metro.net/Agendas/1997/Agenda_D_0088.pdf,http://boardarchives.metro.net/Minutes/1997/Minutes_D_0024.pdf
1997-08-28,Regular Board Meeting,http://boardarchives.metro.net/Agendas/1997/Agenda_D_0091.pdf,http://boardarchives.metro.net/Minutes/1997/08281997min.pdf
1997-09-25,Regular Board Meeting,http://boardarchives.metro.net/Agendas/1997/Agenda_D_0092.pdf,http://boardarchives.metro.net/Minutes/1997/Minutes_D_0025.pdf
1997-09-25,Regular Board Meeting,,http://boardarchives.metro.net/Minutes/1997/Minutes_RBM_Rev_19970925.pdf
1997-10-23,Regular Board Meeting,http://boardarchives.metro.net/Agendas/1997/Agenda_D_0099.pdf,http://boardarchives.metro.net/Minutes/1997/Minutes_D_0026.pdf
1997-11-13,Special Board Meeting,http://boardarchives.metro.net/Agendas/1997/Agenda_D_0107.pdf,http://boardarchives.metro.net/Minutes/1997/Minutes_D_0027.pdf
1997-11-20,Regular Board Meeting,http://boardarchives.metro.net/Agendas/1997/Agenda_D_0106.pdf,http://boardarchives.metro.net/Minutes/1998/11001990.pdf
1997-12-11,Regular Board Meeting,http://boardarchives.metro.net/Agendas/1997/Agenda_D_0115.pdf,http://boardarchives.metro.net/Minutes/1998/11001602.pdf
1997-12-18,Regular Board Meeting,http://boardarchives.metro.net/Agendas/1997/Agenda_D_0116.pdf,http://boardarchives.metro.net/Minutes/1998/11002009.pdf
1998-01-14,Special Board Meeting,,http://boardarchives.metro.net/Minutes/1998/Minutes_SBM_19980114.pdf
1998-01-29,Regular Board Meeting,"http://boardarchives.metro.net/Agendas/1998/Agenda_C_0098.pdf
http://boardarchives.metro.net/Agendas/1998/Agenda_C_0099.pdf",http://boardarchives.metro.net/Minutes/1998/Minutes_RBM_19980129.pdf
1998-02-26,Regular Board Meeting,http://boardarchives.metro.net/Agendas/1998/Agenda_C_0020.pdf,http://boardarchives.metro.net/Minutes/1998/11001576.pdf
1998-03-19,Special Board Meeting,http://boardarchives.metro.net/Agendas/1998/Agenda_C_0019.pdf,http://boardarchives.metro.net/Minutes/1998/11001991.pdf
1998-03-26,Regular Board Meeting,http://boardarchives.metro.net/Agendas/1998/Agenda_C_0021.pdf,http://boardarchives.metro.net/Minutes/1998/Minutes_RBM_19980326.pdf
1998-04-08,Special Board Meeting,http://boardarchives.metro.net/Agendas/1998/Agenda_C_0066.pdf,http://boardarchives.metro.net/Minutes/1998/11005386.pdf
1998-04-23,Regular Board Meeting,"http://boardarchives.metro.net/Agendas/1998/Agenda_C_0063.pdf
http://boardarchives.metro.net/Agendas/1998/Agenda_C_0064.pdf",http://boardarchives.metro.net/Minutes/1998/11005420.pdf
1998-05-13,Special Board Meeting,"http://boardarchives.metro.net/Agendas/1998/Agenda_C_0079.pdf
http://boardarchives.metro.net/Agendas/1998/Agenda_C_0080.pdf",http://boardarchives.metro.net/Minutes/1998/11005407.pdf
1998-05-21,Regular Board Meeting,http://boardarchives.metro.net/Agendas/1998/Agenda_C_0078.pdf,http://boardarchives.metro.net/Minutes/1998/11005421.pdf
1998-06-08,Special Board Meeting,http://boardarchives.metro.net/Agendas/1998/Agenda_C_0090.pdf,http://boardarchives.metro.net/Minutes/1998/11005506.pdf
1998-06-24,Special Board Meeting,http://boardarchives.metro.net/Agendas/1998/Agenda_C_0089.pdf,http://boardarchives.metro.net/Minutes/1998/11005507.pdf
1998-06-25,Regular Board Meeting,"http://boardarchives.metro.net/Agendas/1998/Agenda_C_0081.pdf
http://boardarchives.metro.net/Agendas/1998/Agenda_C_0082.pdf",http://boardarchives.metro.net/Minutes/1998/11005508.pdf
1998-07-23,Regular Board Meeting,"http://boardarchives.metro.net/Agendas/1998/Agenda_C_0091.pdf
http://boardarchives.metro.net/Agendas/1998/Agenda_C_0092.pdf",http://boardarchives.metro.net/Minutes/1998/11005515.pdf
1998-08-27,Regular Board Meeting,http://boardarchives.metro.net/Agendas/1998/Agenda_C_0108.pdf,http://boardarchives.metro.net/Minutes/1998/11002224.pdf
1998-09-28,Regular Board Meeting,http://boardarchives.metro.net/Agendas/1998/Agenda_C_0034.pdf,http://boardarchives.metro.net/Minutes/1998/11000829.pdf
1998-10-22,Regular Board Meeting,"http://boardarchives.metro.net/Agendas/1998/Agenda_C_0015.pdf
http://boardarchives.metro.net/Agendas/1998/Agenda_C_0016.pdf",http://boardarchives.metro.net/Minutes/1998/11000830.pdf
1998-10-29,Special Board Meeting,http://boardarchives.metro.net/Agendas/1998/Agenda_C_0004.pdf,http://boardarchives.metro.net/Minutes/1998/11000831.pdf
1998-11-09,Special Board Meeting,,http://boardarchives.metro.net/Minutes/1998/11000832.pdf
1998-11-19,Regular Board Meeting,http://boardarchives.metro.net/Agendas/1998/Agenda_C_0003.pdf,http://boardarchives.metro.net/Minutes/1999/Minutes_B_0005.pdf
1998-12-09,Special Board Meeting,http://boardarchives.metro.net/Agendas/1998/Agenda_C_0001.pdf,http://boardarchives.metro.net/Minutes/1999/Minutes_B_0010.pdf
1999-01-28,Regular Board Meeting,http://boardarchives.metro.net/Agendas/1999/Agendas_C_0034.pdf,http://boardarchives.metro.net/Minutes/1999/Minutes_B_0007.pdf
1999-02-25,Regular Board Meeting,http://boardarchives.metro.net/Agendas/1999/Agendas_C_0047.pdf,http://boardarchives.metro.net/Minutes/1999/Minutes_B_0006.pdf
1999-03-25,Regular Board Meeting,http://boardarchives.metro.net/Agendas/1999/Agendas_C_0041.pdf,http://boardarchives.metro.net/Minutes/1999/Minutes_B_0009.pdf
1999-04-29,Regular Board Meeting,http://boardarchives.metro.net/Agendas/1999/Agendas_C_0066.pdf,http://boardarchives.metro.net/Minutes/1999/Minutes_B_0008.pdf
1999-05-10,Special Board Meeting,http://boardarchives.metro.net/Agendas/1999/Agendas_C_0069.pdf,http://boardarchives.metro.net/Minutes/1999/Minutes_B_0011.pdf
1999-05-24,Special Board Meeting,http://boardarchives.metro.net/Agendas/1999/Agendas_C_0059.pdf,http://boardarchives.metro.net/Minutes/1999/Minutes_B_0016.pdf
1999-05-27,Regular Board Meeting,"http://boardarchives.metro.net/Agendas/1999/Agendas_C_0050.pdf
http://boardarchives.metro.net/Agendas/1999/Agendas_C_0051.pdf",http://boardarchives.metro.net/Minutes/1999/Minutes_B_0012.pdf
1999-06-07,Special Board Meeting,,http://boardarchives.metro.net/Minutes/1999/71999item2.pdf
1999-06-17,Special Board Meeting,http://boardarchives.metro.net/Agendas/1999/Agendas_C_0074.pdf,http://boardarchives.metro.net/Minutes/1999/Minutes_B_0015.pdf
1999-06-24,Regular Board Meeting,http://boardarchives.metro.net/Agendas/1999/Agendas_C_0072.pdf,http://boardarchives.metro.net/Minutes/1999/Minutes_B_0014.pdf
1999-07-29,Regular Board Meeting,http://boardarchives.metro.net/Agendas/1999/Agendas_C_0077.pdf,http://boardarchives.metro.net/Minutes/1999/Minutes_B_0003.pdf
1999-08-26,Regular Board Meeting,http://boardarchives.metro.net/Agendas/1999/Agendas_C_0079.pdf,http://boardarchives.metro.net/Minutes/1999/Minutes_B_0004.pdf
1999-09-23,Regular Board Meeting,http://boardarchives.metro.net/Agendas/1999/Agendas_C_0003.pdf,http://boardarchives.metro.net/Minutes/1999/Minutes_B_0001a.pdf
1999-09-29,Special Board Meeting,http://boardarchives.metro.net/Agendas/1999/Agendas_C_0030.pdf,http://boardarchives.metro.net/Minutes/1999/Minutes_B_0002.pdf
1999-10-28,Regular Board Meeting,"http://boardarchives.metro.net/Agendas/1999/Agendas_C_0001.pdf
http://boardarchives.metro.net/Agendas/1999/Agendas_C_0028.pdf",http://boardarchives.metro.net/Minutes/1999/Minutes_B_0001.pdf
1999-12-02,Regular Board Meeting,http://boardarchives.metro.net/Agendas/1999/Agendas_C_0008.pdf,http://boardarchives.metro.net/Minutes/2000/minutes3-012.pdf
1999-12-15,Special Board Meeting,http://boardarchives.metro.net/Agendas/1999/Agendas_C_0005.pdf,http://boardarchives.metro.net/Minutes/2000/minutes3-013.pdf
2000-01-27,Regular Board Meeting,http://boardarchives.metro.net/Agendas/2000/agendas3-063.pdf,http://boardarchives.metro.net/Minutes/2000/minutes3-010.pdf
2000-02-04,Special Board Meeting,http://boardarchives.metro.net/Agendas/2001/11001197.pdf,http://boardarchives.metro.net/Minutes/2000/minutes3-011.pdf
2000-02-24,Regular Board Meeting,http://boardarchives.metro.net/Agendas/2001/11001274.pdf,http://boardarchives.metro.net/Minutes/2000/minutes3-006.pdf
2000-03-23,Regular Board Meeting,http://boardarchives.metro.net/Agendas/2001/11001644.pdf,http://boardarchives.metro.net/Minutes/2000/minutes3-007.pdf
2000-04-27,Regular Board Meeting,"http://boardarchives.metro.net/Agendas/2000/agendas3-037.pdf
http://boardarchives.metro.net/Agendas/2000/agendas3-038.pdf",http://boardarchives.metro.net/Minutes/2000/minutes3-008.pdf
2000-05-08,Special Board Meeting,http://boardarchives.metro.net/Agendas/2001/11001705.pdf,http://boardarchives.metro.net/Minutes/2000/minutes3-009.pdf
2000-05-25,Regular Board Meeting,http://boardarchives.metro.net/Agendas/2000/agendas3-036.pdf,http://boardarchives.metro.net/Minutes/2000/minutes3-014.pdf
2000-06-07,Special Board Meeting,http://boardarchives.metro.net/Agendas/2001/11001807.pdf,http://boardarchives.metro.net/Minutes/2000/11000859.pdf
2000-06-22,Regular Board Meeting,http://boardarchives.metro.net/Agendas/2001/11000855.pdf,http://boardarchives.metro.net/Minutes/2000/minutes3-019.pdf
2000-07-20,Special Board Meeting,http://boardarchives.metro.net/Agendas/2001/11000899.pdf,http://boardarchives.metro.net/Minutes/2000/11001041.pdf
2000-07-27,Regular Board Meeting,"http://boardarchives.metro.net/Agendas/2000/11000953.pdf
http://boardarchives.metro.net/Agendas/2001/11000954.pdf",http://boardarchives.metro.net/Minutes/2000/minutes3-017.pdf
2000-08-09,Special Board Meeting,http://boardarchives.metro.net/Agendas/2001/11000988.pdf,http://boardarchives.metro.net/Minutes/2000/11001043.pdf
2000-08-24,Regular Board Meeting,http://boardarchives.metro.net/Agendas/2000/agendas3-002.pdf,http://boardarchives.metro.net/Minutes/2000/minutes3-002.pdf
2000-08-30,Special Board Meeting,http://boardarchives.metro.net/Agendas/2001/11001075.pdf,
2000-09-05,Special Board Meeting,http://boardarchives.metro.net/Agendas/2001/11000017.pdf,http://boardarchives.metro.net/Minutes/2000/minutes3-001.pdf
2000-10-26,Regular Board Meeting,http://boardarchives.metro.net/Agendas/2000/agendas3-008.pdf,http://boardarchives.metro.net/Minutes/2000/minutes3-003.pdf
2000-10-26,Special Board Meeting,http://boardarchives.metro.net/Agendas/2001/11000340.pdf,http://boardarchives.metro.net/Minutes/2000/minutes3-005.pdf
2000-11-15,Special Board Meeting,http://boardarchives.metro.net/Agendas/2001/11000477.pdf,http://boardarchives.metro.net/Minutes/2000/11000613.pdf
2000-11-30,Regular Board Meeting,"http://boardarchives.metro.net/Agendas/2000/agendas3-016.pdf
http://boardarchives.metro.net/Agendas/2001/11000600.pdf",http://boardarchives.metro.net/Minutes/2001/Minutes_2_003.pdf
2001-01-17,Special Board Meeting,http://boardarchives.metro.net/Agendas/2001/11001401.pdf,http://boardarchives.metro.net/Minutes/2001/Minutes_2_002.pdf
2001-01-25,Regular Board Meeting,"http://boardarchives.metro.net/Agendas/2001/11001408.pdf
http://boardarchives.metro.net/Agendas/2001/11001409.pdf",http://boardarchives.metro.net/Minutes/2001/Minutes_2_001.pdf
2001-02-15,Special Board Meeting,http://boardarchives.metro.net/Agendas/2001/11001455.pdf,
2001-02-22,Regular Board Meeting,http://boardarchives.metro.net/Agendas/2001/11001501.pdf,http://boardarchives.metro.net/Minutes/2001/Minutes_2_004.pdf
2001-03-22,Regular Board Meeting,http://boardarchives.metro.net/Agendas/2001/11001570.pdf,http://boardarchives.metro.net/Minutes/2001/Minutes_2_016.pdf
2001-04-26,Regular Board Meeting,http://boardarchives.metro.net/Agendas/2001/11001819.pdf,http://boardarchives.metro.net/Minutes/2001/Minutes_2_006.pdf
2001-05-14,Special Board Meeting,http://boardarchives.metro.net/Agendas/2001/11001859.pdf,http://boardarchives.metro.net/Minutes/2001/Minutes_2_007.pdf
2001-05-24,Regular Board Meeting,"http://boardarchives.metro.net/Agendas/2001/May%2024,%202001%20RBM.pdf",http://boardarchives.metro.net/Minutes/2001/Minutes_2_017.pdf
2001-06-12,Special Board Meeting,http://boardarchives.metro.net/Agendas/2001/11002005.pdf,http://boardarchives.metro.net/Minutes/2001/minutes_2_003-4.pdf
2001-06-18,Special Board Meeting,http://boardarchives.metro.net/Agendas/2001/11002008.pdf,http://boardarchives.metro.net/Minutes/2001/Minutes_2_005.pdf
2001-06-28,Regular Board Meeting,http://boardarchives.metro.net/Agendas/2001/11000327.pdf,http://boardarchives.metro.net/Minutes/2001/Minutes_2_008.pdf
2001-07-11,Special Board Meeting,http://boardarchives.metro.net/Agendas/2001/11000489.pdf,
2001-07-19,Special Board Meeting,http://boardarchives.metro.net/Agendas/2001/11000636.pdf,http://boardarchives.metro.net/Minutes/2001/Minutes_2_009.pdf
2001-07-23,Special Board Meeting,http://boardarchives.metro.net/Agendas/2001/11000630.pdf,
2001-07-26,Regular Board Meeting,http://boardarchives.metro.net/Agendas/2001/11000648.pdf,http://boardarchives.metro.net/Minutes/2001/Minutes_2_011.pdf
2001-08-15,Special Board Meeting,http://boardarchives.metro.net/Agendas/2001/agenda_2_013.pdf,http://boardarchives.metro.net/Minutes/2001/Minutes_2_015a.pdf
2001-08-23,Regular Board Meeting,"http://boardarchives.metro.net/Agendas/2001/August%2023,%202001%20RBM.pdf",http://boardarchives.metro.net/Minutes/2001/Minutes_2_015.pdf
2001-09-10,Special Board Meeting,http://boardarchives.metro.net/Agendas/2001/Other_2_001.pdf,http://boardarchives.metro.net/Minutes/2001/Minutes_2_014.pdf
2001-09-26,Regular Board Meeting,"http://boardarchives.metro.net/Agendas/2001/September%2026,%202001%20RBM.pdf",http://boardarchives.metro.net/Minutes/2001/Minutes_2_010.pdf
2001-10-25,Regular Board Meeting,"http://boardarchives.metro.net/Agendas/2001/October%2025,%202001%20RBM.pdf",http://boardarchives.metro.net/Minutes/2001/Minutes_2_012.pdf
2001-11-08,Special Board Meeting,http://boardarchives.metro.net/Agendas/2001/agenda_2_011.pdf,http://boardarchives.metro.net/Minutes/2001/Minutes_2_013.pdf
2001-11-29,Regular Board Meeting,"http://boardarchives.metro.net/Agendas/2001/November%2029,%202001%20RBM.pdf",http://boardarchives.metro.net/Minutes/2001/Minutes_015.pdf
2002-01-09,Special Board Meeting,http://boardarchives.metro.net/Agendas/2002/Agenda_034.pdf,http://boardarchives.metro.net/Minutes/2002/Minutes_008.pdf
2002-01-24,Regular Board Meeting,http://boardarchives.metro.net/Agendas/2002/Agenda_030.pdf,http://boardarchives.metro.net/Minutes/2002/Minutes_009.pdf
2002-02-28,Regular Board Meeting,http://boardarchives.metro.net/Agendas/2002/Agenda_034a.pdf,http://boardarchives.metro.net/Minutes/2002/Minutes_010.pdf
2002-03-28,Regular Board Meeting,"http://boardarchives.metro.net/Agendas/2002/Agenda_036.pdf
http://boardarchives.metro.net/Agendas/2002/Agenda_037.pdf",http://boardarchives.metro.net/Minutes/2002/Minutes_011.pdf
2002-04-25,Regular Board Meeting,http://boardarchives.metro.net/Agendas/2002/Agenda_042a.pdf,http://boardarchives.metro.net/Minutes/2002/Minutes_006.pdf
2002-05-13,Special Board Meeting,http://boardarchives.metro.net/Agendas/2002/agenda_May132002.pdf,http://boardarchives.metro.net/Minutes/2002/Minutes_007.pdf
2002-05-23,Regular Board Meeting,http://boardarchives.metro.net/Agendas/2002/Agenda_020.pdf,http://boardarchives.metro.net/Minutes/2002/Minutes_005.pdf
2002-06-12,Special Board Meeting,http://boardarchives.metro.net/Agendas/2002/Other_001.pdf,http://boardarchives.metro.net/Minutes/2002/Minutes_004.pdf
2002-06-27,Regular Board Meeting,http://boardarchives.metro.net/Agendas/2002/Agenda_014a.pdf,http://boardarchives.metro.net/Minutes/2002/Minutes_003.pdf
2002-07-25,Regular Board Meeting,http://boardarchives.metro.net/Agendas/2002/Agenda_010.pdf,http://boardarchives.metro.net/Minutes/2002/Minutes_001.pdf
2002-08-15,Regular Board Meeting,"http://boardarchives.metro.net/Agendas/2002/Agenda_024.pdf
http://boardarchives.metro.net/Agendas/2002/Agenda_025.pdf",http://boardarchives.metro.net/Minutes/2002/Minutes_002.pdf
2002-09-26,Regular Board Meeting,http://boardarchives.metro.net/Agendas/2002/Agenda_005a.pdf,http://boardarchives.metro.net/Minutes/2002/Minutes_012.pdf
2002-09-26,Special Board Meeting,http://boardarchives.metro.net/Agendas/2002/agenda_006.pdf,http://boardarchives.metro.net/Minutes/2002/Minutes_013.pdf
2002-10-24,Regular Board Meeting,http://boardarchives.metro.net/Agendas/2002/Agenda_026.pdf,http://boardarchives.metro.net/Minutes/2002/Minutes_014.pdf
2002-12-12,Regular Board Meeting,http://boardarchives.metro.net/Agendas/2002/Agenda_002.pdf,http://boardarchives.metro.net/Minutes/2003/11007403.pdf
2003-01-23,Regular Board Meeting,http://boardarchives.metro.net/Agendas/2003/11007400.pdf,http://boardarchives.metro.net/Minutes/2003/11007447.pdf
2003-02-05,Special Board Meeting,,http://boardarchives.metro.net/Minutes/2003/11007449.pdf
2003-02-27,Regular Board Meeting,http://boardarchives.metro.net/Agendas/2003/11007436.pdf,http://boardarchives.metro.net/Minutes/2003/11007547.pdf
2003-03-05,Special Board Meeting,http://boardarchives.metro.net/Agendas/2003/11007544.pdf,http://boardarchives.metro.net/Minutes/2003/11007548.pdf
2003-03-27,Regular Board Meeting,http://boardarchives.metro.net/Agendas/2003/11007147.pdf,http://boardarchives.metro.net/Minutes/2003/11007393.pdf
2003-04-24,Regular Board Meeting,http://boardarchives.metro.net/Agendas/2003/11007499.pdf,http://boardarchives.metro.net/Minutes/2003/11007149.pdf
2003-05-12,Special Board Meeting,,http://boardarchives.metro.net/Minutes/2003/11007910.pdf
2003-05-22,Regular Board Meeting,"http://boardarchives.metro.net/Agendas/2003/11007108.pdf
http://boardarchives.metro.net/Agendas/2003/11007109.pdf",http://boardarchives.metro.net/Minutes/2003/11007976.pdf
2003-06-26,Regular Board Meeting,"http://boardarchives.metro.net/Agendas/2003/11007152.pdf
http://boardarchives.metro.net/Agendas/2003/11007154.pdf",http://boardarchives.metro.net/Minutes/2003/11008126.pdf
2003-07-24,Regular Board Meeting,http://boardarchives.metro.net/Agendas/2003/11008128.pdf,http://boardarchives.metro.net/Minutes/2003/11008160.pdf
2003-08-28,Regular Board Meeting,http://boardarchives.metro.net/Agendas/2003/11008040.pdf,http://boardarchives.metro.net/Minutes/2004/20030828MinRBM.pdf
2003-09-25,Regular Board Meeting,"http://boardarchives.metro.net/Agendas/2003/09_September/rbm/agenda.htm
http://boardarchives.metro.net/Agendas/2003/09_September/rbm/agenda.pdf",http://boardarchives.metro.net/Minutes/2004/20030925MinRBM.pdf
2003-09-25,Special Board Meeting,"http://boardarchives.metro.net/Agendas/2003/09_September/sbm/agenda.htm
http://boardarchives.metro.net/Agendas/2003/09_September/sbm/agenda.pdf",http://boardarchives.metro.net/Minutes/2004/20030925MinSBM.pdf
2003-10-15,Special Board Meeting,"http://boardarchives.metro.net/Agendas/2003/10_October/20031016ASB.pdf
http://boardarchives.metro.net/Agendas/2003/10_October/20031023SBM.pdf
http://boardarchives.metro.net/Agendas/2003/10_October/20031027SBM.pdf",http://boardarchives.metro.net/Minutes/2004/20031015MinSBM.pdf
2003-11-07,Special Board Meeting,http://boardarchives.metro.net/Agendas/2003/11_November/sbm/20031110SCSBM.pdf,
2003-12-04,Regular Board Meeting,"http://boardarchives.metro.net/Agendas/2003/12_December/20031204ARBM.pdf
http://boardarchives.metro.net/Agendas/2003/12_December/20031204ASBM.pdf",http://boardarchives.metro.net/Minutes/2004/20031204MinRBM.pdf
2003-12-18,Special Board Meeting,http://boardarchives.metro.net/Agendas/2003/12_December/20031218ASBM.pdf,
2004-01-22,Regular Board Meeting,http://boardarchives.metro.net/Agendas/2004/01_January/Regular%20Board%20Agenda%20January%202004.pdf,http://boardarchives.metro.net/Minutes/2004/01_January/20040122minRBM.pdf
2004-02-26,Regular Board Meeting,http://boardarchives.metro.net/Agendas/2004/02_February/20040226ARBM.pdf,http://boardarchives.metro.net/Minutes/2004/02_February/20040226MinRBM.pdf
2004-03-01,Special Board Meeting,http://boardarchives.metro.net/Agendas/2004/03_March/20040301SBM.pdf,http://boardarchives.metro.net/Minutes/2004/03_March/20040301MinSBM.pdf
2004-03-25,Regular Board Meeting,http://boardarchives.metro.net/Agendas/2004/03_March/20040325ARBM.pdf,http://boardarchives.metro.net/Minutes/2004/03_March/20040325MinRBM.pdf
2004-04-12,Special Board Meeting,http://boardarchives.metro.net/Agendas/2004/04_April/20040412ASBM.pdf,http://boardarchives.metro.net/Minutes/2004/04_April/20040412MinSBM.pdf
2004-04-22,Regular Board Meeting,http://boardarchives.metro.net/Agendas/2004/04_April/20040422ARBM.pdf,http://boardarchives.metro.net/Minutes/2004/04_April/20040422MinRBM.pdf
2004-05-27,Regular Board Meeting,http://boardarchives.metro.net/Agendas/2004/05_May/20040527ARBMs.pdf,http://boardarchives.metro.net/Minutes/2004/05_May/20040527Item2RBMs.pdf
2004-06-07,Special Board Meeting,http://boardarchives.metro.net/Agendas/2004/06_June/20040607SBM.pdf,http://boardarchives.metro.net/Minutes/2004/06_June/20040607Item2SBMs.pdf
2004-06-24,Regular Board Meeting,http://boardarchives.metro.net/Agendas/2004/06_June/20040624ARBMs.pdf,http://boardarchives.metro.net/Minutes/2004/06_June/20040624MinMTA.pdf
2004-07-22,Regular Board Meeting,http://boardarchives.metro.net/Agendas/2004/07_July/20040722ARBM.pdf,http://boardarchives.metro.net/Minutes/2004/07_July/20040722Item2RBM.pdf
2004-08-26,Regular Board Meeting,http://boardarchives.metro.net/Agendas/2004/08_August/200408RBM.pdf,http://boardarchives.metro.net/Minutes/2004/08_August/20040826Item2RBM.pdf
2004-09-23,Regular Board Meeting,http://boardarchives.metro.net/Agendas/2004/09_September/20040923ARBM.pdf,http://boardarchives.metro.net/Minutes/2004/09_September/20040923Item2RBM.pdf
2004-10-28,Regular Board Meeting,http://boardarchives.metro.net/Agendas/2004/10_October/20041028ARBM.pdf,http://boardarchives.metro.net/Minutes/2004/10_October/20041213Item2.pdf
2004-12-13,Regular Board Meeting,http://boardarchives.metro.net/Agendas/2004/12_December/20041213ARBM.pdf,http://boardarchives.metro.net/Minutes/2004/12_December/20050127Item2RBM.pdf
2005-01-27,Regular Board Meeting,http://boardarchives.metro.net/Agendas/2005/01_January/20050127%20ARBM.pdf,http://boardarchives.metro.net/Minutes/2005/01_January/20050224Item2RBM.pdf
2005-02-24,Regular Board Meeting,http://boardarchives.metro.net/Agendas/2005/02_February/20050224ARBM.pdf,http://boardarchives.metro.net/Minutes/2005/02_February/20050324Item2.pdf
2005-03-24,Regular Board Meeting,http://boardarchives.metro.net/Agendas/2005/03_March/20050324ARBM.pdf,http://boardarchives.metro.net/Minutes/2005/03_March/20050428Item2RBM.pdf
2005-04-28,Regular Board Meeting,http://boardarchives.metro.net/Agendas/2005/04_April/20050428ARBM.pdf,http://boardarchives.metro.net/Minutes/2005/04_April/20050526Item2Minutes.pdf
2005-05-09,Special Board Meeting,http://boardarchives.metro.net/Agendas/2005/05_May/20050509ASPLBD.pdf,http://boardarchives.metro.net/Minutes/2005/05_May/20050623Item2SBM.pdf
2005-05-25,Special Board Meeting,http://boardarchives.metro.net/Agendas/2005/05_May/20050526ASBM.pdf,http://boardarchives.metro.net/Minutes/2005/05_May/20050623Item2SBMBOD.pdf
2005-05-26,Regular Board Meeting,http://boardarchives.metro.net/Agendas/2005/05_May/20050526ARBM.pdf,http://boardarchives.metro.net/Minutes/2005/05_May/20050623Item2RBMBOD.pdf
2005-06-23,Regular Board Meeting,"http://boardarchives.metro.net/Agendas/2005/06_June/JUNE%2023,%202005%20REGULAR%20BOARD%20AGENDA.pdf",http://boardarchives.metro.net/Minutes/2005/06-June/20050728RBItem2.pdf
2005-07-28,Regular Board Meeting,http://boardarchives.metro.net/Agendas/2005/07_July/20050728ARBM.pdf,http://boardarchives.metro.net/Minutes/2005/07_July/20050825Item2RBM.pdf
2005-08-25,Regular Board Meeting,http://boardarchives.metro.net/Agendas/2005/08_August/20050825ARBM.pdf,http://boardarchives.metro.net/Minutes/2005/08_August/20050929MinMTA.pdf
2005-09-22,Special Board Meeting,http://boardarchives.metro.net/Agendas/2005/09_September/20050922ASBM.pdf,http://boardarchives.metro.net/Minutes/2005/09_September/20050929Min2MTA.pdf
2005-09-29,Regular Board Meeting,http://boardarchives.metro.net/Agendas/2005/09_September/20050929ARBM.pdf,http://boardarchives.metro.net/Minutes/2005/09_September/20051027Item%202RBM.pdf
2005-10-27,Regular Board Meeting,http://boardarchives.metro.net/Agendas/2005/10_October/20051027ARBM.pdf,http://boardarchives.metro.net/Minutes/2005/10_October/20051215Item2MinMTA.pdf
2005-12-15,Regular Board Meeting,http://boardarchives.metro.net/Agendas/2005/12_December/20051215ARBM.pdf,http://boardarchives.metro.net/Minutes/2005/11-12_Nov-Dec/20060126Item2RBM.pdf
2006-01-26,Regular Board Meeting,,http://boardarchives.metro.net/Minutes/2006/01_January/20060226Item2RBM.pdf
2006-01-26,Special Board Meeting,,http://boardarchives.metro.net/Minutes/2006/01_January/20060226Item2SBM.pdf
2006-02-23,Regular Board Meeting,http://boardarchives.metro.net/Agendas/2006/02_February/20060223ARBM.pdf,http://boardarchives.metro.net/Minutes/2006/02_February/20060323Item2RBM.pdf
2006-03-13,Special Board Meeting,,http://boardarchives.metro.net/Minutes/2006/03_March/20060323Item2SBM.pdf
2006-03-23,Regular Board Meeting,http://boardarchives.metro.net/Agendas/2006/03_March/20060323ARBM.pdf,http://boardarchives.metro.net/Minutes/2006/03_March/20060503RBMitem2.pdf
2006-05-03,Regular Board Meeting,http://boardarchives.metro.net/Agendas/2006/05_May/200605003ARBM.pdf,http://boardarchives.metro.net/Minutes/2006/05_May/20060503RBMItem2.pdf
2006-05-25,Regular Board Meeting,http://boardarchives.metro.net/Agendas/2006/05_May/20060525ARBM.pdf,http://boardarchives.metro.net/Minutes/2006/05_May/20060525RBMItem2_0525.pdf
2006-06-22,Regular Board Meeting,http://boardarchives.metro.net/Agendas/2006/06_June/20060622ARBM.pdf,http://boardarchives.metro.net/Minutes/2006/06_June/20060727RBMItem2_0622.pdf
2006-06-29,Special Board Meeting,http://boardarchives.metro.net/Agendas/2006/06_June/20060629ASPLM.pdf,http://boardarchives.metro.net/Minutes/2006/06_June/20060727RBMItem2SPL_0629.pdf
2006-07-27,Regular Board Meeting,http://boardarchives.metro.net/Agendas/2006/07_July/20060727ARBM.pdf,http://boardarchives.metro.net/Minutes/2006/07_July/20060824RBMItem2.pdf
2006-08-24,Regular Board Meeting,http://boardarchives.metro.net/Agendas/2006/08_August/20060824ARBM.pdf,http://boardarchives.metro.net/Minutes/2006/08_August/20060928RBMItem2.pdf
2006-09-28,Regular Board Meeting,http://boardarchives.metro.net/Agendas/2006/09_September/20060928ARBM.pdf,http://boardarchives.metro.net/Minutes/2006/09_September/20060928RBMItem2.pdf
2006-10-26,Regular Board Meeting,http://boardarchives.metro.net/Agendas/2006/10_October/20061026ARB.pdf,http://boardarchives.metro.net/Minutes/2006/10_October/20061207RBMItem2.pdf
2006-12-06,Regular Board Meeting,http://boardarchives.metro.net/Agendas/2006/12_December/20061207ARBM.pdf,http://boardarchives.metro.net/Minutes/2006/11-12_Nov-Dec/20070125RBMItem2.pdf
2007-01-25,Regular Board Meeting,http://boardarchives.metro.net/Agendas/2007/01_January/20070125ARBM.pdf,http://boardarchives.metro.net/Minutes/2007/01_January/20070222RBMItem2.pdf
2007-01-29,Special Board Meeting,http://boardarchives.metro.net/Agendas/2007/01_January/20070129ASBM.pdf,http://boardarchives.metro.net/Minutes/2007/02_February/20070322RBMItem2SPL.pdf
2007-02-22,Regular Board Meeting,http://boardarchives.metro.net/Agendas/2007/02_February/20070222ARBM.pdf,http://boardarchives.metro.net/Minutes/2007/02_February/20070322RBMItem2.pdf
2007-03-22,Regular Board Meeting,http://boardarchives.metro.net/Agendas/2007/03_March/20070322ARBM.pdf,http://boardarchives.metro.net/Minutes/2007/03_March/20070430RBMItem2.pdf
2007-04-30,Regular Board Meeting,http://boardarchives.metro.net/Agendas/2007/04_April/20070430ARBM.pdf,http://boardarchives.metro.net/Minutes/2007/04_April/20070628RBMItem2.pdf
2007-05-24,Special Board Meeting,http://boardarchives.metro.net/Agendas/2007/05_May/20070524ASBM.pdf,http://boardarchives.metro.net/Minutes/2007/05_May/20070628RBMItem2SPL.pdf
2007-06-13,Special Board Meeting,http://boardarchives.metro.net/Agendas/2007/06_June/20070620ASBM.pdf,http://boardarchives.metro.net/Minutes/2007/06_June/20071025RBMItem2a.pdf
2007-06-28,Regular Board Meeting,http://boardarchives.metro.net/Agendas/2007/06_June/20070628ARBM.pdf,http://boardarchives.metro.net/Minutes/2007/06_June/20070726RBMItem2.pdf
2007-07-26,Regular Board Meeting,http://boardarchives.metro.net/Agendas/2007/07_July/20070726ARBM.pdf,http://boardarchives.metro.net/Minutes/2007/07_July/20070927Item2A-Jul.pdf
2007-08-16,Special Board Meeting,http://boardarchives.metro.net/Agendas/2007/08_August/20070816ASBM.pdf,http://boardarchives.metro.net/Minutes/2007/08_August/20070927Item2B-Aug.pdf
2007-09-27,Regular Board Meeting,http://boardarchives.metro.net/Agendas/2007/09_September/20070927ARBM.pdf,http://boardarchives.metro.net/Minutes/2007/09_September/20071025RBMItem2b.pdf
2007-10-25,Regular Board Meeting,http://boardarchives.metro.net/Agendas/2007/10_October/20071025ARBM.pdf,http://boardarchives.metro.net/Minutes/2007/10_October/20071129RBMItem2.pdf
2007-11-29,Regular Board Meeting,http://boardarchives.metro.net/Agendas/2007/11_November/20071129ARBM.pdf,http://boardarchives.metro.net/Minutes/2007/11_November/20080124RBMItem2.pdf
2008-01-24,Regular Board Meeting,http://boardarchives.metro.net/Agendas/2008/01_January/20080124ARBM.pdf,http://boardarchives.metro.net/Minutes/2008/01_January/20080228RBMItem2.pdf
2008-02-28,Regular Board Meeting,http://boardarchives.metro.net/Agendas/2008/02_February/20080228ARBM.pdf,http://boardarchives.metro.net/Minutes/2008/02_February/20080327RBMItem2.pdf
2008-03-27,Regular Board Meeting,http://boardarchives.metro.net/Agendas/2008/03_March/20080327ARBM.pdf,http://boardarchives.metro.net/Minutes/2008/03_March/20080427RBMItem2.pdf
2008-04-28,Regular Board Meeting,http://boardarchives.metro.net/Agendas/2008/04_April/20080424ARBM.pdf,http://boardarchives.metro.net/Minutes/2008/04_April/20080522RBMItem2.pdf
2008-05-05,Special Board Meeting,http://boardarchives.metro.net/Agendas/2008/05_May/20080505ASBM.pdf,http://boardarchives.metro.net/Minutes/2008/05_May/20080522SBMItem2.pdf
2008-05-22,Regular Board Meeting,http://boardarchives.metro.net/Agendas/2008/05_May/20080522ARBM.pdf,http://boardarchives.metro.net/Minutes/2008/05_May/20080626RBMItem2.pdf
2008-06-26,Regular Board Meeting,http://boardarchives.metro.net/Agendas/2008/06_June/20080626ARBM.pdf,http://boardarchives.metro.net/Minutes/2008/06_June/20080724RBMItem2.pdf
2008-07-24,Regular Board Meeting,http://boardarchives.metro.net/Agendas/2008/07_July/20080724ARBM.pdf,http://boardarchives.metro.net/Minutes/2008/07_July/20080925RBMItem2.pdf
2008-09-25,Regular Board Meeting,http://boardarchives.metro.net/Agendas/2008/09_September/20080925ARBM.pdf,http://boardarchives.metro.net/Minutes/2008/09_September/20081023RBMItem2.pdf
2008-10-23,Regular Board Meeting,http://boardarchives.metro.net/Agendas/2008/10_October/20081023ARBM.pdf,http://boardarchives.metro.net/Minutes/2008/10_October/20081204RBMItem2.pdf
2008-12-04,Regular Board Meeting,http://boardarchives.metro.net/Agendas/2008/11-12_Nov-Dec/20081204ARBM.pdf,http://boardarchives.metro.net/Minutes/2008/11-12_Nov-Dec/20090122RBMItem2.pdf
2009-01-22,Regular Board Meeting,http://boardarchives.metro.net/Agendas/2009/01_January/20090122ARBM.pdf,http://boardarchives.metro.net/Minutes/2009/01_January/20090226RBMItem2.pdf
2009-02-25,Special Board Meeting,http://boardarchives.metro.net/Agendas/2009/02_February/20090225ASBM.pdf,http://boardarchives.metro.net/Minutes/2009/02_February/20090326RBMItem2a.pdf
2009-02-26,Special Board Meeting,http://boardarchives.metro.net/Agendas/2009/02_February/20090226ASBM.pdf,http://boardarchives.metro.net/Minutes/2009/02_February/20090326RBMItem2b.pdf
2009-02-26,Regular Board Meeting,http://boardarchives.metro.net/Agendas/2009/02_February/20090226ARBM.pdf,http://boardarchives.metro.net/Minutes/2009/02_February/20090326RBMItem2dCorrected.pdf
2009-03-09,Special Board Meeting,http://boardarchives.metro.net/Agendas/2009/03_March/20090305ASBM.pdf,http://boardarchives.metro.net/Minutes/2009/02_February/20090326RBMItem2c.pdf
2009-03-26,Regular Board Meeting,http://boardarchives.metro.net/Agendas/2009/03_March/20090326ARBM.pdf,http://boardarchives.metro.net/Minutes/2009/03_March/20090423RBMItem2.pdf
2009-04-23,Regular Board Meeting,http://boardarchives.metro.net/Agendas/2009/04_April/20090423ARBM.pdf,http://boardarchives.metro.net/Minutes/2009/04_April/20090528RBMItem2A.pdf
2009-05-14,Special Board Meeting,http://boardarchives.metro.net/Agendas/2009/05_May/20090514ASBM.pdf,http://boardarchives.metro.net/Minutes/2009/05_May/20090625RBMItem2B.pdf
2009-05-28,Regular Board Meeting,http://boardarchives.metro.net/Agendas/2009/05_May/20090528ARBM.pdf,http://boardarchives.metro.net/Minutes/2009/05_May/20090625RBMItem2A.pdf
2009-06-11,Special Board Meeting,,http://boardarchives.metro.net/Minutes/2009/06_June/20090611SBMItem2B.pdf
2009-06-25,Regular Board Meeting,,http://boardarchives.metro.net/Minutes/2009/06_June/20090723RBMItem2.pdf
2009-07-23,Regular Board Meeting,http://boardarchives.metro.net/Agendas/2009/07_July/20090723ARBMRevised.pdf,http://boardarchives.metro.net/Minutes/2009/07_July/20090924RBMItem2.pdf
2009-09-24,Regular Board Meeting,http://boardarchives.metro.net/Agendas/2009/09_September/20090924ARBMRevised.pdf,http://boardarchives.metro.net/Minutes/2009/09_September/20091022RBMItem2.pdf
2009-10-22,Regular Board Meeting,http://boardarchives.metro.net/Agendas/2009/10_October/20091022ARBM.pdf,http://boardarchives.metro.net/Minutes/2009/10_October/20091210RBMItem2.pdf
2009-12-10,Regular Board Meeting,http://boardarchives.metro.net/Agendas/2009/11_12_Nov_Dec/20091210ARBM.pdf,http://boardarchives.metro.net/Minutes/2009/11_12_Nov_Dec/20100128RBMItem2.pdf
2010-01-28,Regular Board Meeting,http://boardarchives.metro.net/Agendas/2010/01_January/20100128ARBM.pdf,http://boardarchives.metro.net/Minutes/2010/01_January/20100225RBMItem2A.pdf
2010-02-01,Special Board Meeting,http://boardarchives.metro.net/Agendas/2010/02_February/20100201ASBM.pdf,http://boardarchives.metro.net/Minutes/2010/02_February/20100225RBMItem2b.pdf
2010-02-25,Regular Board Meeting,http://boardarchives.metro.net/Agendas/2010/02_February/20100225ARBM.pdf,http://boardarchives.metro.net/Minutes/2010/02_February/20100325RBMItem2.pdf
2010-03-25,Regular Board Meeting,http://boardarchives.metro.net/Agendas/2010/03_March/20100325ARBM.pdf,http://boardarchives.metro.net/Minutes/2010/03_March/20100325RBMItem2.pdf
2010-04-22,Regular Board Meeting,http://boardarchives.metro.net/Agendas/2010/04_April/20100422ARBMRevised.pdf,http://boardarchives.metro.net/Minutes/2010/04_April/20100527RBMItem2A.pdf
2010-05-08,Special Board Meeting,http://boardarchives.metro.net/Agendas/2010/05_May/20100508ASBM.pdf,http://boardarchives.metro.net/Minutes/2010/04_April/20100527RBMItem2B.pdf
2010-05-19,Special Board Meeting,http://boardarchives.metro.net/Agendas/2010/05_May/20100519ASBM.pdf,http://boardarchives.metro.net/Minutes/2010/04_April/20100527RBMItem2C.pdf
2010-05-27,Regular Board Meeting,http://boardarchives.metro.net/Agendas/2010/05_May/20100527ARBM.pdf,http://boardarchives.metro.net/Minutes/2010/05_May/20100624RBMItem2.pdf
2010-06-24,Regular Board Meeting,http://boardarchives.metro.net/Agendas/2010/06_June/20100624ARBM.pdf,http://boardarchives.metro.net/Minutes/2010/06_June/20100722RBMItem1A.pdf
2010-06-24,Special Board Meeting,http://boardarchives.metro.net/Agendas/2010/06_June/20100624ASBM.pdf,http://boardarchives.metro.net/Minutes/2010/06_June/20100722RBMItem1B.pdf
2010-07-22,Regular Board Meeting,,http://boardarchives.metro.net/Minutes/2010/07_July/20100923RBMItem1A.pdf
2010-09-08,Special Board Meeting,,http://boardarchives.metro.net/Minutes/2010/09_September/20100923RBMItem1B.pdf
2010-09-13,Special Board Meeting,,http://boardarchives.metro.net/Minutes/2010/09_September/20100923RBMItem1C.pdf
2010-09-23,Regular Board Meeting,http://boardarchives.metro.net/Agendas/2010/09_September/20100923ARBM.pdf,http://boardarchives.metro.net/Minutes/2010/09_September/minutes_20100923rbm.pdf
2010-10-28,Regular Board Meeting,http://boardarchives.metro.net/Agendas/2010/10_October/20101028ARBM.pdf,http://boardarchives.metro.net/Minutes/2010/10_October/minutes_20101028rbm.pdf
2010-12-09,Regular Board Meeting,,http://boardarchives.metro.net/Minutes/2010/11_12_%20Nov_Dec/minutes_20101209rbm.pdf
2011-01-27,Regular Board Meeting,http://boardarchives.metro.net/Agendas/2011/01_January/20110127ARBM.pdf,http://boardarchives.metro.net/Minutes/2011/02_February/20110224RBMItem1.pdf
2011-02-24,Regular Board Meeting,http://boardarchives.metro.net/Agendas/2011/02_February/20110224ARBM.pdf,http://boardarchives.metro.net/Minutes/2011/02_February/20110324RBMItem2.pdf
2011-03-24,Regular Board Meeting,http://boardarchives.metro.net/Agendas/2011/03_March/20110324ARBM.pdf,http://boardarchives.metro.net/Minutes/2011/03_March/20110428RBMItem1.pdf
2011-04-28,Regular Board Meeting,http://boardarchives.metro.net/Agendas/2011/04_April/20110428ARBM.pdf,http://boardarchives.metro.net/Minutes/2011/04_April/minutes_20110428rbm.pdf
2011-05-18,Special Board Meeting,http://boardarchives.metro.net/Agendas/2011/05_May/20110518ASBM_PH.pdf,http://boardarchives.metro.net/Minutes/2011/05_May/minutes_20110518sbm.pdf
2011-05-26,Regular Board Meeting,http://boardarchives.metro.net/Agendas/2011/05_May/20110526ARBM.pdf,http://boardarchives.metro.net/Minutes/2011/05_May/minutes_20110526rbm.pdf
2011-06-23,Regular Board Meeting,http://boardarchives.metro.net/Agendas/2011/06_June/20110623ARBM.pdf,http://boardarchives.metro.net/Minutes/2011/06_June/20110804RBMItem2a.pdf
2011-06-23,Special Board Meeting,http://boardarchives.metro.net/Agendas/2011/06_June/20110615ASBM.pdf,http://boardarchives.metro.net/Minutes/2011/06_June/20110804RBMItem2b.pdf
2011-08-04,Regular Board Meeting,http://boardarchives.metro.net/Agendas/2011/08_August/20110804ARBM.pdf,http://boardarchives.metro.net/Minutes/2011/08_August/20110804RBMItem2.pdf
2011-09-22,Regular Board Meeting,http://boardarchives.metro.net/Agendas/2011/09_September/20110922ARBM.pdf,http://boardarchives.metro.net/Minutes/2011/09_September/minutes_20110922rbm.pdf
2011-10-27,Regular Board Meeting,http://boardarchives.metro.net/Agendas/2011/10_October/20111027ARBM.pdf,http://boardarchives.metro.net/Minutes/2011/10_October/20111215RBMItem2.pdf
2011-12-15,Regular Board Meeting,http://boardarchives.metro.net/Agendas/2011/11_12_Nov_Dec/20111215ARBM.pdf,http://boardarchives.metro.net/Minutes/2011/11_12_Nov_Dec/20120126RBMItem2.pdf
2012-01-26,Regular Board Meeting,http://boardarchives.metro.net/Agendas/2012/01_January/20120126ARBM.pdf,
2012-02-23,Regular Board Meeting,http://boardarchives.metro.net/Agendas/2012/02_February/20120223ARBM.pdf,http://boardarchives.metro.net/Minutes/2012/02_February/20120322RBMItem2.pdf
2012-02-23,LA SAFE,,http://boardarchives.metro.net/Minutes/2012/02_February/20120628OtherSAFEItem1.pdf
2012-03-22,Regular Board Meeting,http://boardarchives.metro.net/Agendas/2012/03_March/20120322ARBM.pdf,http://boardarchives.metro.net/Minutes/2012/03_March/20120426RBMItem2.pdf
2012-04-26,Regular Board Meeting,http://boardarchives.metro.net/Agendas/2012/04_April/20120426ARBM.pdf,http://boardarchives.metro.net/Minutes/2012/04_April/20120524RBMItem2.pdf
2012-04-30,Special Board Meeting,http://boardarchives.metro.net/Agendas/2012/04_April/20120430ASBM.pdf,http://boardarchives.metro.net/Minutes/2012/04_April/20120524RBMItem2.1.pdf
2012-05-24,Regular Board Meeting,http://boardarchives.metro.net/Agendas/2012/05_May/20120524ARBM.pdf,http://boardarchives.metro.net/Minutes/2012/05_May/20120628RBMItem2.1.pdf
2012-05-24,Special Board Meeting,http://boardarchives.metro.net/Agendas/2012/05_May/20120524ASBM.pdf,http://boardarchives.metro.net/Minutes/2012/05_May/20120628RBMItem2.2.pdf
2012-06-28,CPC Board Meeting,http://boardarchives.metro.net/Agendas/2012/06_June/20120628OtherACPC.pdf,
2012-06-28,LA SAFE,http://boardarchives.metro.net/Agendas/2012/06_June/20120628OtherASAFE.pdf,http://boardarchives.metro.net/Agendas/2013/05_May/20130523safeitem1.pdf
2012-06-28,Regular Board Meeting,http://boardarchives.metro.net/Agendas/2012/06_June/20120628ARBM.pdf,http://boardarchives.metro.net/Minutes/2012/06_June/20120726RBMItem2.pdf
2012-07-26,Regular Board Meeting,http://boardarchives.metro.net/Agendas/2012/07_July/20120726ARBM.pdf,http://boardarchives.metro.net/Minutes/2012/07_July/minutes_20120726rbm.pdf
2012-08-06,Regular Board Meeting,http://boardarchives.metro.net/Agendas/2012/08_August/20120806ARBM.pdf,http://boardarchives.metro.net/Minutes/2012/08_%20August/minutes_20120806rbm.pdf
2012-09-27,Regular Board Meeting,http://boardarchives.metro.net/Agendas/2012/09_September/20120927ARBM.pdf,http://boardarchives.metro.net/Minutes/2012/09_September/20121025RBMItem2.pdf
2012-10-25,Regular Board Meeting,http://boardarchives.metro.net/Agendas/2012/10_October/20121025ARBM.pdf,"http://boardarchives.metro.net/Minutes/2012/10_October/Minutes%20-%20October%2025,%202012%20Regular%20Board%20Meeting.pdf"
2013-01-24,Regular Board Meeting,http://boardarchives.metro.net/Agendas/2013/01_January/20130124ARBM.pdf,http://boardarchives.metro.net/Minutes/2013/01_January/20130228RBMItem2A.pdf
2013-01-24,Special Board Meeting,http://boardarchives.metro.net/Agendas/2013/01_January/20130124ASBM.pdf,http://boardarchives.metro.net/Minutes/2013/01_January/20130228RBMItem2B.pdf
2013-02-28,Regular Board Meeting,http://boardarchives.metro.net/Agendas/2013/02_February/20130228ARBM.pdf,http://boardarchives.metro.net/Minutes/2013/02_February/20130328RBMItem2.pdf
2013-03-28,Regular Board Meeting,http://boardarchives.metro.net/Agendas/2013/03_March/20130328ARBM.pdf,http://boardarchives.metro.net/Minutes/2013/03_March/20130425RBMItem2.pdf
2013-04-25,Regular Board Meeting,http://boardarchives.metro.net/Agendas/2013/04_April/20130425ARBM.pdf,http://boardarchives.metro.net/Minutes/2013/04_April/20130523rbmitem2.pdf
2013-05-23,Regular Board Meeting,http://boardarchives.metro.net/Agendas/2013/05_May/20130523arbm.pdf,http://boardarchives.metro.net/Minutes/2013/05_May/20130627rbmitem2.pdf
2013-05-23,LA SAFE,http://boardarchives.metro.net/Agendas/2013/05_May/20130523otherasafe.pdf,
2013-06-27,Regular Board Meeting,http://boardarchives.metro.net/Agendas/2013/06_June/20130627arbm.pdf,http://boardarchives.metro.net/Minutes/2013/06_June/20130725rbmitem2.pdf
2013-07-25,Regular Board Meeting,http://boardarchives.metro.net/Agendas/2013/07_July/20130725arbm.pdf,http://boardarchives.metro.net/Minutes/2013/07_July/20130926rbmitem2.pdf
2013-09-26,Regular Board Meeting,http://boardarchives.metro.net/Agendas/2013/09_September/20130926arbm.pdf,http://boardarchives.metro.net/Minutes/2013/09_September/20131024rbmitem2.pdf
2013-09-26,CPC Board Meeting,http://boardarchives.metro.net/Agendas/2013/09_September/20130926otheracpc.pdf,
2013-10-24,LA SAFE,http://boardarchives.metro.net/Agendas/2013/10_October/20131024otherasafe.pdf,
2013-10-24,Regular Board Meeting,http://boardarchives.metro.net/Agendas/2013/10_October/20131024arbm.pdf,http://boardarchives.metro.net/Minutes/2013/10_October/20131205rbmitem2a.pdf
2013-11-06,Special Board Meeting,http://boardarchives.metro.net/Agendas/2013/11_November/20131106asbm.pdf,http://boardarchives.metro.net/Minutes/2013/11_November/20131205rbmitem2b.pdf
2013-12-05,Regular Board Meeting,http://boardarchives.metro.net/Agendas/2013/12_December/20131205arbm.pdf,http://boardarchives.metro.net/Minutes/2013/12_December/20140123rbmitem2.pdf
2014-01-23,Regular Board Meeting,http://boardarchives.metro.net/Agendas/2014/01_January/20140123arbm.pdf,http://boardarchives.metro.net/Minutes/2014/01_January/20140227rbmitem2.pdf
2014-02-27,Regular Board Meeting,http://boardarchives.metro.net/Agendas/2014/02_February/20140227arbm.pdf,http://boardarchives.metro.net/Minutes/2014/02_February/20140327rbmitem2.pdf
2014-02-27,Regular Board Meeting,,http://boardarchives.metro.net/Minutes/2014/02_February/20140522safeitem1.pdf
2014-03-27,Regular Board Meeting,http://boardarchives.metro.net/Agendas/2014/03_March/20140327arbm.pdf,http://boardarchives.metro.net/Minutes/2014/03_March/20140424rbmitem2.pdf
2014-04-21,Special Board Meeting,http://boardarchives.metro.net/Agendas/2014/04_April/20140421asbm.pdf,http://boardarchives.metro.net/Minutes/2014/04_April/20140522rbmitem2a.pdf
2014-04-24,Regular Board Meeting,http://boardarchives.metro.net/Agendas/2014/04_April/20140424arbm.pdf,http://boardarchives.metro.net/Minutes/2014/04_April/20140522rbmitem2b.pdf
2014-05-22,Regular Board Meeting,http://boardarchives.metro.net/Agendas/2014/05_May/20140522arbm.pdf,http://boardarchives.metro.net/Minutes/2014/05_May/20140626rbmitem2.pdf
2014-06-26,Regular Board Meeting,http://boardarchives.metro.net/Agendas/2014/06_June/20140626arbm.pdf,http://boardarchives.metro.net/Minutes/2014/06_June/20140724rbmitem2.pdf
2014-07-24,Regular Board Meeting,http://boardarchives.metro.net/Agendas/2014/07_July/20140724arbm.pdf,http://boardarchives.metro.net/Minutes/2014/07_July/20141002rbmitem2.pdf
2014-09-04,Special Board Meeting,http://boardarchives.metro.net/Agendas/2014/09_September/20140904asbm.pdf,http://boardarchives.metro.net/Minutes/2014/09_September/20141002rbmitem2.1.pdf
2014-10-02,Regular Board Meeting,http://boardarchives.metro.net/Agendas/2014/10_October/20141002arbm.pdf,http://boardarchives.metro.net/Minutes/2014/09_September/20141023rbmitem2.pdf
2014-10-23,Regular Board Meeting,http://boardarchives.metro.net/Agendas/2014/10_October/20141023arbm.pdf,http://boardarchives.metro.net/Minutes/2014/10_October/20141113rbmitem2.pdf
2014-11-13,Regular Board Meeting,http://boardarchives.metro.net/Agendas/2014/11_November/20141113arbm.pdf,http://boardarchives.metro.net/Minutes/2014/11_November/20141204rbmitem1.pdf
2014-12-04,Regular Board Meeting,http://boardarchives.metro.net/Agendas/2014/12_December/20141204arbm.pdf,http://boardarchives.metro.net/Minutes/2014/12_December/20150129rbmitem2.pdf
2015-01-29,Regular Board Meeting,http://boardarchives.metro.net/Agendas/2015/01_January/20150129arbm.pdf,http://boardarchives.metro.net/Minutes/2015/01_January/20150226rbmitem2.pdf
2015-02-25,Special Board Meeting,http://boardarchives.metro.net/Agendas/2015/02_February/20150225asbm.pdf,http://boardarchives.metro.net/Minutes/2015/02_February/20150326rbmitem2a.pdf
2015-02-26,Regular Board Meeting,http://boardarchives.metro.net/Agendas/2015/02_February/20150226arbm.pdf,http://boardarchives.metro.net/Minutes/2015/02_February/20150326rbmitem2b.pdf
2015-03-26,Regular Board Meeting,http://boardarchives.metro.net/Agendas/2015/03_March/20150326arbm.pdf,http://boardarchives.metro.net/Minutes/2015/03_March/20150430rbmitem2.pdf
2015-04-30,Regular Board Meeting,http://boardarchives.metro.net/Agendas/2015/04_April/20150430arbm.pdf,http://boardarchives.metro.net/Minutes/2015/04_April/20150528rbmitem2.pdf
2015-05-21,Special Board Meeting,,http://boardarchives.metro.net/Minutes/2015/05_May/RBM2C.pdf
2015-05-28,Regular Board Meeting,http://boardarchives.metro.net/Agendas/2015/05_May/20150528asbm.pdf,http://boardarchives.metro.net/Minutes/2015/05_May/RBM2A.pdf
2015-05-28,Special Board Meeting,http://boardarchives.metro.net/Agendas/2015/05_May/20150528arbm.pdf,http://boardarchives.metro.net/Minutes/2015/05_May/RBM2B.pdf
2015-06-25,Regular Board Meeting,http://boardarchives.metro.net/Agendas/2015/06_June/RBM%20Agenda.pdf,http://boardarchives.metro.net/Minutes/2015/06_June/RBMItem2.pdf
2015-06-25,LA SAFE,http://boardarchives.metro.net/Agendas/2015/06_June/SAFE%20Agenda.pdf,http://boardarchives.metro.net/Minutes/2015/06_June/SAFE%20Item%201.pdf
2015-07-23,Regular Board Meeting,http://boardarchives.metro.net/Agendas/2015/07_July/20150723arbm.pdf,http://boardarchives.metro.net/Minutes/2015/07_July/20150924rbmitem2.pdf
2015-09-24,Regular Board Meeting,http://boardarchives.metro.net/Agendas/2015/09_September/RBM%20Agenda.pdf,http://boardarchives.metro.net/Minutes/2015/09_September/RBM%20Item%202.pdf
2015-10-22,Regular Board Meeting,http://boardarchives.metro.net/Agendas/2015/10_October/RBM%20Agenda%20-%20FINAL.pdf,http://boardarchives.metro.net/Minutes/2015/10_October/RBM%202.pdf
2015-10-22,LA SAFE,http://boardarchives.metro.net/Agendas/2015/10_October/SAFE%20Agenda%20-%20FINAL.pdf,
2015-12-03,Regular Board Meeting,http://boardarchives.metro.net/Agendas/2015/12_December/RBM%20Agenda.pdf,http://boardarchives.metro.net/Minutes/2015/12_December/RBMItem2.pdf
2015-12-03,CPC Board Meeting,http://boardarchives.metro.net/Agendas/2015/12_December/CPC%20Agenda.pdf,
2016-01-28,Regular Board Meeting,http://boardarchives.metro.net/Agendas/2016/01_january/RBM%20Agenda.pdf,http://boardarchives.metro.net/Minutes/2016/Jan/RBM%20Item%202.pdf
2016-02-25,Regular Board Meeting,http://boardarchives.metro.net/Agendas/2016/02_february/RBM%20Agenda.pdf,http://boardarchives.metro.net/Minutes/2016/Feb/RBM%20Item%202.pdf
2016-03-24,Regular Board Meeting,http://boardarchives.metro.net/Agendas/2016/03_march/RBM%20Agenda.pdf,http://boardarchives.metro.net/Minutes/2016/Mar/RBMItem2.pdf
2016-04-28,Regular Board Meeting,http://boardarchives.metro.net/Agendas/2016/04_april/RBM%20Agenda.pdf,http://boardarchives.metro.net/Minutes/2016/Apr/RBM%20Item%202.pdf
2016-05-26,Regular Board Meeting,http://boardarchives.metro.net/Agendas/2016/05_may/RBM%20Final.pdf,http://boardarchives.metro.net/Minutes/2016/May/RBMItem2.pdf
2016-06-23,Regular Board Meeting,http://boardarchives.metro.net/Agendas/2016/06_june/RBM%20Final%20Agenda.pdf,http://boardarchives.metro.net/Minutes/2016/Jun/RBMItem2.pdf
2016-06-23,LA SAFE,http://boardarchives.metro.net/Agendas/2016/06_june/SAFE%20Final%20Agenda.pdf,
2016-08-25,Regular Board Meeting,http://boardarchives.metro.net/Agendas/2016/08_august/RBMFinalAgenda.pdf,http://boardarchives.metro.net/Minutes/2016/Aug/RBMItem2.pdf
2016-09-22,Regular Board Meeting,http://boardarchives.metro.net/Agendas/2016/09_september/RBM%20Agenda.pdf,http://boardarchives.metro.net/Minutes/2016/Sep/RBMItem2.pdf
2016-10-27,Regular Board Meeting,http://boardarchives.metro.net/Agendas/2016/10_october/RBM%20Agenda.pdf,
2016-11-17,Special Board Meeting,http://boardarchives.metro.net/Agendas/2016/11_november/SBM%20Agenda.pdf,
2016-12-01,CPC Board Meeting,http://boardarchives.metro.net/Agendas/2016/12_december/CPC%20Agenda.pdf,
2016-12-01,Regular Board Meeting,http://boardarchives.metro.net/Agendas/2016/12_december/RBM%20Agenda.pdf,
2017-01-26,Regular Board Meeting,http://boardarchives.metro.net/Agendas/2017/01_january/RBM%20Agenda.pdf,
